<annotation>
	<folder>no</folder>
	<filename>no.0e23978a-bca9-11ec-9f95-f80dac5809d1.jpg</filename>
	<path>D:\Projects\Sign-to-speech\TFODCourse\Tensorflow\workspace\images\collectedimages\no\no.0e23978a-bca9-11ec-9f95-f80dac5809d1.jpg</path>
	<source>
		<database>Unknown</database>
	</source>
	<size>
		<width>640</width>
		<height>480</height>
		<depth>3</depth>
	</size>
	<segmented>0</segmented>
	<object>
		<name>No</name>
		<pose>Unspecified</pose>
		<truncated>0</truncated>
		<difficult>0</difficult>
		<bndbox>
			<xmin>65</xmin>
			<ymin>176</ymin>
			<xmax>254</xmax>
			<ymax>386</ymax>
		</bndbox>
	</object>
</annotation>
