<annotation>
	<folder>present</folder>
	<filename>present.2deaa2f4-bca9-11ec-970f-f80dac5809d1.jpg</filename>
	<path>D:\Projects\Sign-to-speech\TFODCourse\Tensorflow\workspace\images\collectedimages\present\present.2deaa2f4-bca9-11ec-970f-f80dac5809d1.jpg</path>
	<source>
		<database>Unknown</database>
	</source>
	<size>
		<width>640</width>
		<height>480</height>
		<depth>3</depth>
	</size>
	<segmented>0</segmented>
	<object>
		<name>Present</name>
		<pose>Unspecified</pose>
		<truncated>0</truncated>
		<difficult>0</difficult>
		<bndbox>
			<xmin>136</xmin>
			<ymin>159</ymin>
			<xmax>274</xmax>
			<ymax>416</ymax>
		</bndbox>
	</object>
</annotation>
