<annotation>
	<folder>present</folder>
	<filename>present.3c82b7e8-bca9-11ec-909b-f80dac5809d1.jpg</filename>
	<path>D:\Projects\Sign-to-speech\TFODCourse\Tensorflow\workspace\images\collectedimages\present\present.3c82b7e8-bca9-11ec-909b-f80dac5809d1.jpg</path>
	<source>
		<database>Unknown</database>
	</source>
	<size>
		<width>640</width>
		<height>480</height>
		<depth>3</depth>
	</size>
	<segmented>0</segmented>
	<object>
		<name>Present</name>
		<pose>Unspecified</pose>
		<truncated>0</truncated>
		<difficult>0</difficult>
		<bndbox>
			<xmin>106</xmin>
			<ymin>129</ymin>
			<xmax>235</xmax>
			<ymax>379</ymax>
		</bndbox>
	</object>
</annotation>
