<annotation>
	<folder>present</folder>
	<filename>present.32c9d95e-bca9-11ec-aa6a-f80dac5809d1.jpg</filename>
	<path>D:\Projects\Sign-to-speech\TFODCourse\Tensorflow\workspace\images\collectedimages\present\present.32c9d95e-bca9-11ec-aa6a-f80dac5809d1.jpg</path>
	<source>
		<database>Unknown</database>
	</source>
	<size>
		<width>640</width>
		<height>480</height>
		<depth>3</depth>
	</size>
	<segmented>0</segmented>
	<object>
		<name>Present</name>
		<pose>Unspecified</pose>
		<truncated>1</truncated>
		<difficult>0</difficult>
		<bndbox>
			<xmin>326</xmin>
			<ymin>198</ymin>
			<xmax>509</xmax>
			<ymax>480</ymax>
		</bndbox>
	</object>
</annotation>
