<annotation>
	<folder>thankyou</folder>
	<filename>thankyou.1c3a8eee-bca9-11ec-b105-f80dac5809d1.jpg</filename>
	<path>D:\Projects\Sign-to-speech\TFODCourse\Tensorflow\workspace\images\collectedimages\thankyou\thankyou.1c3a8eee-bca9-11ec-b105-f80dac5809d1.jpg</path>
	<source>
		<database>Unknown</database>
	</source>
	<size>
		<width>640</width>
		<height>480</height>
		<depth>3</depth>
	</size>
	<segmented>0</segmented>
	<object>
		<name>ThankYou</name>
		<pose>Unspecified</pose>
		<truncated>0</truncated>
		<difficult>0</difficult>
		<bndbox>
			<xmin>198</xmin>
			<ymin>143</ymin>
			<xmax>360</xmax>
			<ymax>470</ymax>
		</bndbox>
	</object>
</annotation>
