<annotation>
	<folder>thankyou</folder>
	<filename>thankyou.14e37296-bca9-11ec-8e91-f80dac5809d1.jpg</filename>
	<path>D:\Projects\Sign-to-speech\TFODCourse\Tensorflow\workspace\images\collectedimages\thankyou\thankyou.14e37296-bca9-11ec-8e91-f80dac5809d1.jpg</path>
	<source>
		<database>Unknown</database>
	</source>
	<size>
		<width>640</width>
		<height>480</height>
		<depth>3</depth>
	</size>
	<segmented>0</segmented>
	<object>
		<name>ThankYou</name>
		<pose>Unspecified</pose>
		<truncated>0</truncated>
		<difficult>0</difficult>
		<bndbox>
			<xmin>429</xmin>
			<ymin>227</ymin>
			<xmax>629</xmax>
			<ymax>475</ymax>
		</bndbox>
	</object>
</annotation>
