<annotation>
	<folder>thankyou</folder>
	<filename>thankyou.25f29454-bca9-11ec-a394-f80dac5809d1.jpg</filename>
	<path>D:\Projects\Sign-to-speech\TFODCourse\Tensorflow\workspace\images\collectedimages\thankyou\thankyou.25f29454-bca9-11ec-a394-f80dac5809d1.jpg</path>
	<source>
		<database>Unknown</database>
	</source>
	<size>
		<width>640</width>
		<height>480</height>
		<depth>3</depth>
	</size>
	<segmented>0</segmented>
	<object>
		<name>ThankYou</name>
		<pose>Unspecified</pose>
		<truncated>1</truncated>
		<difficult>0</difficult>
		<bndbox>
			<xmin>234</xmin>
			<ymin>142</ymin>
			<xmax>483</xmax>
			<ymax>480</ymax>
		</bndbox>
	</object>
</annotation>
