<annotation>
	<folder>yes</folder>
	<filename>yes.ef1e186e-bca8-11ec-bcbe-f80dac5809d1.jpg</filename>
	<path>D:\Projects\Sign-to-speech\TFODCourse\Tensorflow\workspace\images\collectedimages\yes\yes.ef1e186e-bca8-11ec-bcbe-f80dac5809d1.jpg</path>
	<source>
		<database>Unknown</database>
	</source>
	<size>
		<width>640</width>
		<height>480</height>
		<depth>3</depth>
	</size>
	<segmented>0</segmented>
	<object>
		<name>Yes</name>
		<pose>Unspecified</pose>
		<truncated>0</truncated>
		<difficult>0</difficult>
		<bndbox>
			<xmin>175</xmin>
			<ymin>231</ymin>
			<xmax>325</xmax>
			<ymax>468</ymax>
		</bndbox>
	</object>
</annotation>
