<annotation>
	<folder>yes</folder>
	<filename>yes.f8d930e2-bca8-11ec-9895-f80dac5809d1.jpg</filename>
	<path>D:\Projects\Sign-to-speech\TFODCourse\Tensorflow\workspace\images\collectedimages\yes\yes.f8d930e2-bca8-11ec-9895-f80dac5809d1.jpg</path>
	<source>
		<database>Unknown</database>
	</source>
	<size>
		<width>640</width>
		<height>480</height>
		<depth>3</depth>
	</size>
	<segmented>0</segmented>
	<object>
		<name>Yes</name>
		<pose>Unspecified</pose>
		<truncated>0</truncated>
		<difficult>0</difficult>
		<bndbox>
			<xmin>203</xmin>
			<ymin>172</ymin>
			<xmax>396</xmax>
			<ymax>418</ymax>
		</bndbox>
	</object>
</annotation>
