<annotation>
	<folder>yes</folder>
	<filename>yes.ea3ffa24-bca8-11ec-a65c-f80dac5809d1.jpg</filename>
	<path>D:\Projects\Sign-to-speech\TFODCourse\Tensorflow\workspace\images\collectedimages\yes\yes.ea3ffa24-bca8-11ec-a65c-f80dac5809d1.jpg</path>
	<source>
		<database>Unknown</database>
	</source>
	<size>
		<width>640</width>
		<height>480</height>
		<depth>3</depth>
	</size>
	<segmented>0</segmented>
	<object>
		<name>Yes</name>
		<pose>Unspecified</pose>
		<truncated>1</truncated>
		<difficult>0</difficult>
		<bndbox>
			<xmin>482</xmin>
			<ymin>156</ymin>
			<xmax>640</xmax>
			<ymax>386</ymax>
		</bndbox>
	</object>
</annotation>
