<annotation>
	<folder>yes</folder>
	<filename>yes.e908d336-bca8-11ec-b649-f80dac5809d1.jpg</filename>
	<path>D:\Projects\Sign-to-speech\TFODCourse\Tensorflow\workspace\images\collectedimages\yes\yes.e908d336-bca8-11ec-b649-f80dac5809d1.jpg</path>
	<source>
		<database>Unknown</database>
	</source>
	<size>
		<width>640</width>
		<height>480</height>
		<depth>3</depth>
	</size>
	<segmented>0</segmented>
	<object>
		<name>Yes</name>
		<pose>Unspecified</pose>
		<truncated>1</truncated>
		<difficult>0</difficult>
		<bndbox>
			<xmin>481</xmin>
			<ymin>146</ymin>
			<xmax>640</xmax>
			<ymax>377</ymax>
		</bndbox>
	</object>
</annotation>
